{"version":52,"hash":{"type":"Buffer","data":"bqn+i1sk41YwaFH2V6ByPwEhE+wdjwywQRaAp8gX8ZM/fjZ+IGyhGHa7tcj13Zu0SOoo38Ex617+XLlc6CfEb9YaDxLjlS8yk1ikb7jn82CZYgsA1tmMDtQzxWISWC/MWMybbeV7KiuV/S5dcfeAanAExOfg34vdKr3VHahOr/k="},"indexValueMap":{"AGEs8ksYAlLt2jLHf7PTyHgrCjoFdpBi+4T1q4gD0Es=":{"valueMac":{"type":"Buffer","data":"NzlNQHYZP6NrLWVDkVf6DpKHWDCLiqwrQ3FZjzab0zc="}},"Abl++vEsfIV3O/NsO2wuk3TXqblxS6uuS1NjnOYUAvU=":{"valueMac":{"type":"Buffer","data":"wxU8ltpVTAgvNalB3XvrwYUepw0Yc0TKZQQdCbwrCHY="}},"ApjhMWotVagl/VPwgLSQjjLRDzTN0y8DAmb7GLJ5BkY=":{"valueMac":{"type":"Buffer","data":"fHbhzlUSnLeYr6gUSm7pkkCM96tjGTLagohCEv0IGqA="}},"ArS9+IHsOMxNC2y5kE/E2q3rZxnXVw5i7c9uuNer56A=":{"valueMac":{"type":"Buffer","data":"ghz02n/ya7/WRU0L388rp4WgpbagcRvumGj92AZ81QU="}},"Aw8o7BlG5klE0huC4f0hqPQgJqWaiBpL7jjjfeHmBac=":{"valueMac":{"type":"Buffer","data":"m0BajfcpdaayFZ4zTcbufep4A4BSqqPCK48NTpc+FEk="}},"BEY+G9VM2No4KNP2Pi7ZhoGPCWbihPGmZ0zBD3mjZzg=":{"valueMac":{"type":"Buffer","data":"UfrGXiyVGPYG0QUAUVqnFIB0/p1ccyMyZ+d2A2zeSps="}},"BUrDFXZLlmkijFfiJ75QPHeHFKQlzXKLTWYZCrQZchM=":{"valueMac":{"type":"Buffer","data":"uCWGZC4IneJqQf0XzIUhBZXcx5fTlBQqxeaIUhH1jCk="}},"Ba7cZ4OnBdXjJqsRTbUs19oRgDkcNfyrogqYpaEvbfg=":{"valueMac":{"type":"Buffer","data":"ww9WTVEwBmHw8Rdim4b5+PIOuGrkhOND4rqI8p1L+Mw="}},"By6gev1PFv3XFSqnXy0kroqEtbzU1PbxDksQptwvnh8=":{"valueMac":{"type":"Buffer","data":"/16rYFySNYOHSsUVMwP9geUpB33vgzOzSQmMYi+p9No="}},"CE3Vv5HFHGLj8s243E4ghS5xE0AIwVjItWt7FxfMzBU=":{"valueMac":{"type":"Buffer","data":"4Y9MGHbZScPwdsphRmvXnOci9IduUFIDs8y+ExDWBgg="}},"CPn6Ws5eoygMM5KLuCmw8V4nkeMVQY3xETfNxkG97O8=":{"valueMac":{"type":"Buffer","data":"opUol5P3eDRSiR5hD8pcW3GTlUmNpY1xPRNDCwbE20o="}},"CWzMdnbJ3xP9KqNIIJW8Wmkhla+6XObQydVTAiPCOGc=":{"valueMac":{"type":"Buffer","data":"FeIIUpqY/QvEBy8ziLijruTQrJEz6ofELI9UGVN8rb8="}},"CZpU5Wxc/gBlyf0jigRLXmrAdrQLIkvrD6Aj/YDuoCU=":{"valueMac":{"type":"Buffer","data":"bsEf8nofaG+2xwuJq4NlpbGKY5U/j2PO60S5zapcOcU="}},"Ci5WSdLVj2kwJF1PK5gY296yt4gGVJ4mT7vQEYs9FSE=":{"valueMac":{"type":"Buffer","data":"8CtpgsDT25IYcQIxCZEOD3o5s2QTAYVe5wPb/LHN9Q8="}},"CsnZ3LwhdQT3PnM63OzsmsveEaDD4U3GRyxi7Oy7fNY=":{"valueMac":{"type":"Buffer","data":"uvuXd7cGlFZAkpSJ0exEG1L91jP4JCsxYYl97z1t4q0="}},"C5+taMTkkBSG8QP1ogEuyLSnN2lt6qDAUzP9/M0nEhg=":{"valueMac":{"type":"Buffer","data":"DPzRLa3P9cgsnWmqvO8PNWPc60oVgmUB6S10AjAwR8I="}},"DJJRbcDb+v4NPpsjCCmfqEKdcuZs8wmJvHbyiTAs0uc=":{"valueMac":{"type":"Buffer","data":"DKsVtaVm3FsAwM1DowDLml/UMA/yOa/RrK2NIbynSNI="}},"DRn3zT+pc4Wzw+10LWz4qaFo1f6EK1fhL1ugA6+uxL8=":{"valueMac":{"type":"Buffer","data":"co+B51f3+oZZASeNsPbCp+McidGUJssjlRVH45Wx9GM="}},"Dbk53EqS6V0obL0/iz9eKrrh0fwk+/i/pTYqh5ZeuVE=":{"valueMac":{"type":"Buffer","data":"3juAy7hK2h7Ia44Xgs0cKzpi21/4yXGWFkbiE+UUzF0="}},"D6UWaz041AyQFrkBO7FnzFI2qi6n+xFne6W/PxYHJyc=":{"valueMac":{"type":"Buffer","data":"wYyV29F/X1jTmiRD61Z1tLgGwa5pxvNwptlXnVZJwwk="}},"EC4zVVO5CnI5tT1fT58UwyjvLpeHdoKKTFIFEtPYwWE=":{"valueMac":{"type":"Buffer","data":"sQ8a65XnflrBSHyo6WOv4iWayxIz2ytKjdU5Q9UKvm4="}},"Ek2CnI2op8YaLpADxC3z7zfXtFORqf84gUatBTVwfNQ=":{"valueMac":{"type":"Buffer","data":"NH8BHYM9mxjyV9BGk09CrYdywCI6yslSaUIyRfFv5D8="}},"E6giEy4Zhf1htsWzgJjl/M4vNPDblj7ZuUF7aDrkDIE=":{"valueMac":{"type":"Buffer","data":"WqrpqEWvpKnEJPgk8u4cTxFdBg4rrkU/mtnVXT/S5d4="}},"F9+MedfM3F3OOvJuFVWz5kdJZ/cCd2enEe27rexg0EU=":{"valueMac":{"type":"Buffer","data":"M7RD/BIrEIUBrEjObKDV5JkPAg5HEmPblXMZxOIFWfM="}},"F+bB1L+d/FUFBqO78wxRdvYJkfKvUv+sl/bsn+o56nM=":{"valueMac":{"type":"Buffer","data":"EjyXOilcI9vCmc6D7DGjzFNmsMhcIdQrJ4LoSxhjvpU="}},"GDt/Efug4Xm4rxoZazt7U1dGvaToNJKQU9f0fTPpkUo=":{"valueMac":{"type":"Buffer","data":"OgpbigI7epnMKqndASNUN++cIsooFVgi580VEoJZB/w="}},"GZILPohVQ+FbTFzSKvfhMRsVRp6N62cSoOi0jqffV9s=":{"valueMac":{"type":"Buffer","data":"2tYO3wDPL6pOtSDklyt1Kb4SUiVfD0bmuXm1Vgbj0a8="}},"GxtFpJofqrVoiMel7Uft54hqEb7a3qbrtJqtIbObHtM=":{"valueMac":{"type":"Buffer","data":"wmnfru1L307X5or4sqzSb3Zl5qTpkwliiAawtoHNT3Y="}},"G/XrWwxf1Ur83D7Vpc6f1TVg87CNm9iPxiBjMkoq+Cs=":{"valueMac":{"type":"Buffer","data":"Stx8QjBnTQ1uKNcQ4ES7leI3fU9uIgLl8YSRfEdYqTs="}},"HTDxDyYADcoWJjVpeLyJ+AmayYqQ6BY/jcDQR3NylLk=":{"valueMac":{"type":"Buffer","data":"aeI2mxb4R9VBKVGfT0VdQAc8gJnWUx0SfE9tEI/cLsg="}},"IGBaWmvTi6tKAqiVCBgvVVkTf9hlIuk25kZnsGA5xJw=":{"valueMac":{"type":"Buffer","data":"p9fZPjcS5MXxqWUufO5cUzHfFuBDotvwVGcsLgpsOc8="}},"IvPfwzOgPsuAn4L1ywCqZz+8oQ4BqdmHEnitwN/yqnI=":{"valueMac":{"type":"Buffer","data":"dH85qYg+dtJ091U2A419czIWozx3EPCUT8COSOSEMYE="}},"JM28i0Jt3ijy8ISaQu2MYBkw9MLIr4Fu2/16Meql4bg=":{"valueMac":{"type":"Buffer","data":"saQXRw/I8SYRIPn3LWx6PU7R0lPyZ/XoA/TSu5ALMf0="}},"JYXh3t+RhkFGCKk8577BT+gv1fxqqb1PIFpeB+rr7pc=":{"valueMac":{"type":"Buffer","data":"2rlf/a5sIe771Ofcu2QuCzm4C18A0K1AFT5EeZe1OB0="}},"JZXFvN4RndylgXcOwH/ib88ZtacZyvJ2OQNQMc5ewEI=":{"valueMac":{"type":"Buffer","data":"t5d1GP6dwUQDg8PjVof50vdJFdf/GSeNTlcc37cZAUs="}},"JxcL/HfKJssKJiVyxbFFiJFd8znPf1Nu+1uqiji17ow=":{"valueMac":{"type":"Buffer","data":"p0qyOfFH3+68UtYPkdpLoQsiJcYF6TfY2l6sdZRybSs="}},"KOomBMNwShaA0AVaZ+NlI/p19koUXr3D/wlUa78Ul2Y=":{"valueMac":{"type":"Buffer","data":"zePYCgCYpn65Ib0Xm/B/+MLpudKJmOG98yordOVQea4="}},"KP/MRWNxfEMViWzK4h/M9HfSth58Tv9JNI/ROT836hk=":{"valueMac":{"type":"Buffer","data":"6n5MGr8HnyEhnnvndjfR8kpa6oW/zXpT5fGwrldyz2I="}},"KZeVHDOxcAkluj+mSyB8TliH7ht6W/MGOGB9zJ0VFs0=":{"valueMac":{"type":"Buffer","data":"/Qi9pLe8cNyBWm6qF8h7cRVz8BuUxsvabTIC6u6nsD8="}},"KjmPnrh/Y4V+4VWLFdVftPUX62BbpAoIYd2B6eqh1jE=":{"valueMac":{"type":"Buffer","data":"UwzbXwoMosJx6H42q9zqtc0DbTbTA9Wf/pfckPG3STk="}},"K0jfAQMZETxgc4A9ngERmumFHfW1okPZUWj9tGjSwrs=":{"valueMac":{"type":"Buffer","data":"qYUV9zs+C9i1z0ty+tTjUznrGN4DxpYjIr3fUwxi408="}},"K2UxKHoxZ0FSy2JcfP784KipwUm4sHrGHAQZ1NerEe8=":{"valueMac":{"type":"Buffer","data":"0dHFRk1TiTh2SoWy5j/iW6V5eI3CXXmR2QePlMaHBOs="}},"LhCcMxr8mPebnIhclEr2dOEdnNEgbPHHWBfJSawrnWg=":{"valueMac":{"type":"Buffer","data":"mfl5EOr5xUTs9kOxhLRHh7AjGvah/fmVArHX+2o5d5Q="}},"L7B3q3OXxsIzqc9CmMjI7W/7pX+pwHOGZmkdxQV/u0g=":{"valueMac":{"type":"Buffer","data":"RdG3KLfNvP8LM7ugwCpwTUEf9wkdYFAecZbIYW6Nm7o="}},"Ml9U/Wje+yWMQQDZdBdHB2G5HngTN3adRTZH3ajMkqk=":{"valueMac":{"type":"Buffer","data":"bM2/am3ohkQKKh1QelOm84MtTdig8WGV02h6L+4+OTE="}},"MrHydsy1ZqYZEOGbqKoz96tQq1c17LRn4KjSZL864aI=":{"valueMac":{"type":"Buffer","data":"8N1o5IaoLQAp+K/yribT1AwyINkLcQU4fXbKv4JcGI4="}},"M4MM1QIFiYkOdcYb8Z/c6l3fGG6w5bMMsHKeKE8V33I=":{"valueMac":{"type":"Buffer","data":"JE7chHTSS8oMJ6RqSMgnTFRo6SOc9V1H0u33lnAsp+8="}},"M+wEPgee1g/R86/iV1CVE46Sqo8dzU60zrhkny7ldNQ=":{"valueMac":{"type":"Buffer","data":"9N1ZC+1C30ZdB6t/YL4LKrITqCqirWjRAskluyJQf/M="}},"NOnD1yuVyZsTpyhwA1Dw/AXQZCHKuaGXGdgI18kf0oM=":{"valueMac":{"type":"Buffer","data":"yF1aXaByOaEFpOm19A2JhqVlGH13qUyV/QnOyobUw4M="}},"N005yqN67d9SFJj2jap6JjG2+AntSRCuNh1vmH+c+eU=":{"valueMac":{"type":"Buffer","data":"G8q7S3W9g37u3uufDYzjHM5W5s8H/aPo7vKIW5P3sXQ="}},"N3hCazIPQ1dZkBTaI4GoW2WHTNvz1jAiB1zJbuMHu+o=":{"valueMac":{"type":"Buffer","data":"1tHXwLdRDZCvyCG2XkrP1kZx8YfIl5vUycGUoMF4+vk="}},"Oir+F6EdTbPPE+wwleKIoVsds6fLgM6HV3kTZTB8NlE=":{"valueMac":{"type":"Buffer","data":"xLV3NwocSho5UnLomBd7gNf7X+rbKY3JN5H8SjK6KH4="}},"One+1GqjI1vFJTrEUc8SMqnPD8osZqZw3kVcdlswOQk=":{"valueMac":{"type":"Buffer","data":"rro3Sb4EuauRXV3nhDvdzdfiKBF9ycjwqZ/VQlQsvsU="}},"OtzXomxL2YTCjsrQ4rhkuaU95pTyIf7vWoH2i07Ci3E=":{"valueMac":{"type":"Buffer","data":"e3nXtNvkbeKIdvoD6LgR9a9zcugUW6FC80igBGT8L4Y="}},"O9XOAbMHIJ8b9Y+4jGBejdHH5iBov+iNUcMmaoePxTc=":{"valueMac":{"type":"Buffer","data":"UMmVkl/AmADj/EvbYfhGj6nR3ieWGa+HR0+qxrvtpkU="}},"PD4MZ4uUEoESt/UccauRI/z/09/Ly4j9DmH8bWWhGGY=":{"valueMac":{"type":"Buffer","data":"1/tCCxpGyud8RGCXYTghRdH4FTOR9SIPhMLJ8nxFAoE="}},"PLQbMtc4OKos2C61UEHzd3NRhcHZyepzG51TXGY19jw=":{"valueMac":{"type":"Buffer","data":"n5PwQ71THqdQtOp9ggQ+8Nsn0LNoPVUq4/8W1t56mts="}},"POPEqTFxZljMlwl463jU4gyz3uHGkE3CUiiqV+jtZNo=":{"valueMac":{"type":"Buffer","data":"vZ0AKyGPxXvckyRJ6zYcg19vt4DUIlFaIH1e9ijLzkk="}},"PST+yCZz1OUxCaTpw1E396PPPAAUbTPQqYlayn5cpUg=":{"valueMac":{"type":"Buffer","data":"7wunPUCCXCHzU+Ndp+rO2M47uKbGUDPsQ+AlZfke2pA="}},"PV52H9VCThNkKm0rPXSjL14c2DA+vgVEj9D5WMxndOo=":{"valueMac":{"type":"Buffer","data":"KhEtOsnBC9FbTxaq89UYVCmB6Mwwif7tNoSmvIED9xs="}},"PhkGwyyBgit5XhNAtnQMyITFPC8FjGHrGmPc6PFTMfU=":{"valueMac":{"type":"Buffer","data":"TPJ6nZMxMvY+ymcusbJqqIoOHbHOjko7mXfIeYwYrWo="}},"PknDrIrdEg6lEgvHcLC8aU5euePEvFtePldjcZaQIwE=":{"valueMac":{"type":"Buffer","data":"ci+OTU5NEiog89ZkOMriDV6QFVbkU9GyYN3r8syjXns="}},"QF0FAkVtm2jJdXf4Eap0nb2AUkRyZVwluqOef33VO0M=":{"valueMac":{"type":"Buffer","data":"2RME8d2sC9gya0szqqiueiF0/vGO8Ih7pGEeItVFMWE="}},"QGK5dq5IXPvVzueKfAgprnJ0dWgUNq7h7nmiLgbJn0E=":{"valueMac":{"type":"Buffer","data":"/5sgTE3csvWCevPfHuMjcr7JnlmFvX0QuwW6IzjpBbE="}},"QHLcVJ1VfBqFnm0Mc10OD3zbx38gBzDUDYUAYufXyK4=":{"valueMac":{"type":"Buffer","data":"GakXlQGtB7JWsbdIhU8+tHfTxlzbnVGTPW0rr8KBeKE="}},"QKbjIelL5U9W9Yz+uMA4gAiMuftGPY61lomfiA08TBc=":{"valueMac":{"type":"Buffer","data":"Tw+Z1naLprcobHjF45i5HMDmboeBRa1kDUuQrEMFrz8="}},"QKrsDY6IIrNogA+HCV6Me1LO2w68h/9mIcFaq7yqfIw=":{"valueMac":{"type":"Buffer","data":"CGf1Mi0caKuJCDVEJtXsrYKcvvsNLRTNCxb/Z42NqP0="}},"QdH093Gr3mWFXGOHaPS/gz+HBH8iriHjAxqFjEj+S2Q=":{"valueMac":{"type":"Buffer","data":"byBMrq1Z3esbv5/LOnh88voctT7miJjQ4vtIkV2R7Yc="}},"QskSVLz66v8zt//h0TM+mICJd2T1p/YZkDW7ybctyrg=":{"valueMac":{"type":"Buffer","data":"se0OYaepa8asCd+4qpzxIL8nPgVbqN+4vv0FcTqEnwk="}},"Q+/kW/g3UlC4AYZTaSB9gQnAX6Y8WGiSl9DTJsCrXYI=":{"valueMac":{"type":"Buffer","data":"xn7A/Bb1rd4YghYlKI63iAP7jZDwW9bCAmSvZzoFXEk="}},"Q/k+zxQpziF4jQy40lL74E+s+wQ++CtA75pSvgDO7NQ=":{"valueMac":{"type":"Buffer","data":"5zoyrOTt3+8M2ljur+6XtX+g5uQH3f2wL7VCNFef4eE="}},"RHf56mJXTVyqELGj1ghpfoTbKqK7PSczYp1rvk6rjoQ=":{"valueMac":{"type":"Buffer","data":"kHvcQG3VaSIePm8wMa2QB40ZQ80W/fa6ymNfTSm1MJg="}},"RXFKJJRnSYVvfsvbtZiAx8Rzu/jRz1SSzlCEfjpDcCU=":{"valueMac":{"type":"Buffer","data":"rHlYSr06YZt2I90dVOk0Rl26q96nIXziGXFmvi25XyQ="}},"RdIeq4/4X+QYUxFFsIjDlcQ0Hfy9Rgim5xKNz0kZPS8=":{"valueMac":{"type":"Buffer","data":"nm72xZwP2Ec3jfri9w2Ly4nUKJBu3khZQ18NcI92wF4="}},"SE4StbHp38kqIuC5X1ZTfQL3vMJj0gQqJsnjia2dQug=":{"valueMac":{"type":"Buffer","data":"1HTPNSAs/QeDG4KhZ3Dwlykg/UwxOKL0mr2E60pytuU="}},"SKq5mqNCKakb3ETXreaWGCnJkmakqBO68zvI6ToW1EA=":{"valueMac":{"type":"Buffer","data":"Pgzh1hVTCu1wV9Y1WYJ1Hf9IevM2DwxD7gZUFbtZdD8="}},"SoIS5yZMbR0+iOvvJzkY1Xa+eXWsTw1baZfRhadXJzM=":{"valueMac":{"type":"Buffer","data":"v75ck9kGtFhy0UtH6Ek0KwkB3l90LGcJa0mBD/TPH/Y="}},"Sy8huOTLcyFVhxc/E/2KYQQi0sWGTplcFB9D2rzueuw=":{"valueMac":{"type":"Buffer","data":"zgRJyaUdLbLgruIpeLF+YIq+RLwp160T0Mk8P6K9aZM="}},"TM8fAcAj1GcWMScwP7mEz5/amjDExUxqrIZ33gQwfG0=":{"valueMac":{"type":"Buffer","data":"QVafMkoK2l6uaOijb9VNr2gNpwmspgLsdCr3Oi0wrvQ="}},"TTYJdV0+78rqzIwcD+A8vzTZaSk0DnPEctFndw2iUo8=":{"valueMac":{"type":"Buffer","data":"Gu9adDjG5/HI2sX3ZWeuEFubXtUa8YGUfbnV6wv50YQ="}},"TeQ2NaSUGMVZTW8s9m0zMP7ACK2/eqLAm85WOHS3hPw=":{"valueMac":{"type":"Buffer","data":"8TOII7GSGK3eq8NDkIgVZJYilo2Qojz1YLs6u1zQag8="}},"Tnb93sDbTNfmjO8poxO0rVKQlprmPyzzRzq32mVDcTg=":{"valueMac":{"type":"Buffer","data":"YcWfemMpnzWNHOycS1FhX90e8hb4IQEn/666f5Pi4d0="}},"TzCDzcbJeKENN1jbW/tekCFcUdZ80qY9ql5RGyn+3uo=":{"valueMac":{"type":"Buffer","data":"TX05IYdUR3DdVj8ZFJsmNPf1doqGzxLGg41qWSgBkDk="}},"Ua+OpTG/lhHbA78d2699nkj/GlW0DQv/KWZQAXkev94=":{"valueMac":{"type":"Buffer","data":"dtcUZVJ9htZsmGRhlRBZiTBojzOioMy7WObOoHHsxoI="}},"VBo9iQiRGpK48uw5JJxW2zt0MzvST5tfz4zyqsFOu2s=":{"valueMac":{"type":"Buffer","data":"UN+CzbI59266ceJNECuX1stfvhVm8klaALIWEOY5Wyg="}},"VhWb99FbeNY69FI028CWX4TJo58Jv4WqcdLAODDvM80=":{"valueMac":{"type":"Buffer","data":"d68YHvWnEjns3BqPQ//4lAIJmgYnL0YUkmZLZjXjll8="}},"VmXIvvTSSJdZrIpx7NVF9KQB+K1wYHdMGfVvO31uFig=":{"valueMac":{"type":"Buffer","data":"SQPVKp0ILSpVGM6mKryxhVX/thxXE0hgUIsGp/u05Vw="}},"V/sY6COkps+NT0BsoxN/ZZ6CF+0H9pVLLa2PE2xObi0=":{"valueMac":{"type":"Buffer","data":"38KKka+L5axFDqxFsdRVHdDZyzeTu3qtZNxXoBq8l8A="}},"WAKljEig0RRwo5oiRDPJrgLmt0aMHJVWdW4QCwgp+Gs=":{"valueMac":{"type":"Buffer","data":"i4Bz7yQkt5YSlPoiQVBG4hqP1DV+s1kGL6VT8u8X160="}},"WH6GDO63CgsZxZjZLZ408fuuR7rFBexz8QA35KN3XgE=":{"valueMac":{"type":"Buffer","data":"Pp4l0nBlPZMWsFZHA+IOLcRgXNrW4LVysj6SkQyyzYA="}},"WOruM58KuQuO9tQknPnJ1P8EtE3fes8E1a+Bavs+Bv4=":{"valueMac":{"type":"Buffer","data":"NiYXgJqMsv2L49oj+8jloy4u5wJou4UcEBxCm6X6EYY="}},"WTJvLqHFCB0mCcMfpWQp37L4Gbl/BCPUXa+YZbrbQG8=":{"valueMac":{"type":"Buffer","data":"03wbk73/SiYTzDnE1XY0F95uorzipatTV5waIagna9o="}},"WYrmY7X4epCHukVoN231S7B7dE/3JUNBw8AdJTkV47I=":{"valueMac":{"type":"Buffer","data":"DB9AHnZMjNg1GjkXaYGPTZzS4bZpFZnbR1gAEiA1D6Y="}},"WnqHbJR2S6TlJLQl26XoADYiwva3avXxsKhMAUTIerc=":{"valueMac":{"type":"Buffer","data":"ShC//fKLDE9JZUN74yX6JBIcB7uhmk5ryuQ8LGVryQY="}},"WnvcxpnA7vyarvkK6XQVdfUE66KQ9MO8/MKRqTZyZWQ=":{"valueMac":{"type":"Buffer","data":"Rva3/X9ExnqJ3WTijQbRqCD/IEKAylMQ+Stt2gnhr48="}},"WuQE0sdez9LLbyGjA0kF3QFwdM+O5ZuLJ3neSyStLRo=":{"valueMac":{"type":"Buffer","data":"2OmvxJa69M8arl8mT/8RjgkSRj8nKEOjRw4m4VT74h0="}},"Wzz/tJIw03WTBGQf6eCD5bQtkXaXsviwX8lkwX6ybtg=":{"valueMac":{"type":"Buffer","data":"GCgOQkTxCVqPwNeVlto5OnQEbariM7D3RpJ+JHgf7vk="}},"XjjDe0+2RRn5dr4MyUSb7bj7ShSmPByDu8c/giVF2s4=":{"valueMac":{"type":"Buffer","data":"V2R/04pI7Kf28XLjL00QNGNCp9EpFIKX9pOiUnZalok="}},"XpYyIcwQy6AfxjNz68wV3a21enJxDrZyczFaauV13po=":{"valueMac":{"type":"Buffer","data":"t4eCSjLE8v5CP1BPdedHtwPrilJoieXVUXSeZssPoDA="}},"XyWrqiwlsH0ObOsTuA2J2WrHvvucLGaRKZfrjiyAEpg=":{"valueMac":{"type":"Buffer","data":"nJWENhiQQroshDDKCpftv1hMKvRF/uPZknDMX+2eRcQ="}},"X4ZvAy+OMnpfLBtN1oRP9N7xYz8Dx/BwbYMpzvpvjG0=":{"valueMac":{"type":"Buffer","data":"esC25YyIusPG7EUKGkvSptI5tR8R0mjXpkJJuCDFa40="}},"YHNVW+VjQ9S90lW71K0Ds6pZlE57lFFCL1y+CryW/So=":{"valueMac":{"type":"Buffer","data":"jYzvPUnT2pCK2Nugb1MO0E6TvlWwyaGM/KwV06sko2o="}},"YZ2Prf1cPe8R3dtPs37WqoL0Thg1OAtTzmatucmVuig=":{"valueMac":{"type":"Buffer","data":"sEHTTWyO8twYXx4aWKW26xdxD9HjTBqsPbHWFCP1BnU="}},"YkVSIjK6HDvx/Uo1dVCb7rJvgIOcPjFY/YNOjNO01uw=":{"valueMac":{"type":"Buffer","data":"CXfhh1kUOzFI0hn9UjfYKvvx5AN2O0Me8zSk9bdYQDQ="}},"YrrGLpqIMKakOA4BUl5A1MVpXl7JL8JeJOKmFa2T74U=":{"valueMac":{"type":"Buffer","data":"vc6I/6OHZ2SOI9eb96e1F006L3ANOM9v7ed3fn2lI+0="}},"ZHe6A3fhdRciOyb6GVIell5PgdqfJWwp/f+mcDAQFJc=":{"valueMac":{"type":"Buffer","data":"sd9hz6zGz2w+1H9YOu/w+UTIBYHxggA43jLmw06X5Kw="}},"ZINUvjG18iQ4Gc0ngNi/Jvc8snuLIL3WmZERonQwiPw=":{"valueMac":{"type":"Buffer","data":"rlhQrVGS2iRXd9ud+PMibOOFRMStiapa/ja9/PZMIVg="}},"ZnLc0UHx1lTVJ7rgQoce4yhsXEpRzaDHHOdNdiQxzJA=":{"valueMac":{"type":"Buffer","data":"wsYZjjrwrJ2JafDADET/0FGwSuCxkfVHc3tiFcNj8/c="}},"ZxWX3dfmbUPMuUkq1gBx3YwftnzFgvlG0fE5iCzbxlw=":{"valueMac":{"type":"Buffer","data":"Gzz2PWtzqnCTKUvNDdUeeqCNWZZl2Eylx61GkYGl1Vk="}},"Z5UvF3iiksQZ6Q5X+szjxpquW+foHJj9dg1hdKvwoFI=":{"valueMac":{"type":"Buffer","data":"V4fZwPfvOsYAjXLZFPsvdXbcvox1AVB4LqdJ0jViXKk="}},"Z8fKe2HZGmTcCAisU9Sx1POavv8+Ph/y/GwuFMvNpMs=":{"valueMac":{"type":"Buffer","data":"8C96+zQ3RAjAtbscFd/5QVNRqJLUyHaMHnJSbx0+JVM="}},"aB80mUpVgVUuR+WQry4V9DuHG/atHf3deFpvehV0emQ=":{"valueMac":{"type":"Buffer","data":"QXU/+VdEjb0fKBfcFUSTLlvrXg5/xCY4D6GcCtyQUgw="}},"aENFDVRbgE8QnboTUvwj5FcDPmWUJKy62J2GL14dHJQ=":{"valueMac":{"type":"Buffer","data":"tUwkQDF2Yx16fIjECKiuGtDDS38ytIYNdAaL5dN6CjE="}},"aTN26dSOI2h9FeiA+pgeLp4FEL/gsMSszHaYSKd+Np4=":{"valueMac":{"type":"Buffer","data":"p9RqFseGvytg9K/nc8txEwe74escu05jKbmwzNrS57c="}},"aghKvs2KThTgbzh7aJ0JntCcYYWTv2E8SxTSDnnBtZM=":{"valueMac":{"type":"Buffer","data":"ZSML0xiXQhYVqgmFlVx77NJSkFqWw53cg2uloAg2iyM="}},"a5EXJ6iB7BdIiSA7R1A8Tyr6JFqkRBgSZ8PkCkk3Ykw=":{"valueMac":{"type":"Buffer","data":"YxVrWgE0bLGjuDitBp93z9GWycJjncMmEZCyWMbQ5D4="}},"besDP0402WlBbdCtCHhbvUblSlzYhpZNXf9n/IO6gds=":{"valueMac":{"type":"Buffer","data":"EE5R+5P6779cmalxuPLNaSl7XSY0KvgjXsjjBIaaWto="}},"bg2vcRHEdW5wFxr6eb8NrOazj5y3vnzmgZl8Ho0QxMc=":{"valueMac":{"type":"Buffer","data":"oSU1RMKgb7VWIZYEK7dgr+1cSShwhciaLnVVVhNp3gM="}},"bkuIIPNGoHSDXnv5CD/8pOoYUQNrOkPMczOmhqAu+Go=":{"valueMac":{"type":"Buffer","data":"A0D6zNmyj/6HnKjCs6k+EcadX7wNKXeOL4TitRjUe50="}},"b4joYZ2nqZTgz7Wj8eCGCJsPLEScXbKXBBeRhyAA9oo=":{"valueMac":{"type":"Buffer","data":"iDCOIhGZTCKowKKKLbHKkHTIU7dwcWo9XvImWhm5H+A="}},"cQQqOSWjP+XuOR6gOJYGCYUT6Cb5WRC43eQ/CMKRCpc=":{"valueMac":{"type":"Buffer","data":"o6pI/z2HqVUYKnthgni9Hbq+PV8h+oVEl1xL5DjJcqg="}},"cqHFt+tnC2dbNlxlrX3POMYHxOvmwkuNGLY5uP/RBAQ=":{"valueMac":{"type":"Buffer","data":"+ciwUqnFjpRt2Nz74YAryXY4f5gJ7/zVoRRPZvHn18I="}},"c44o1mWn9tmYU/Dn4NuhJX8RchpTQkLekWLss/WFb8Q=":{"valueMac":{"type":"Buffer","data":"YjagnnyEW6GFfQVS5orQxowEFJBjqN68enkucroObnY="}},"dj9ZSXyNNVSwN7lhwSZhSkuMD4FKvrVFKMFFFsb5hcc=":{"valueMac":{"type":"Buffer","data":"As8cmu3rnErmN6Ac6Rvmtn3OsYK34CUoilXNoJz+qvo="}},"d9L41MMamGEm0OkaoFvvSMvavii4ctcEJ8cxy5KNwXQ=":{"valueMac":{"type":"Buffer","data":"sj5Uzr6rq6WUpc69BvrSYBmfy1GR4AC+cfEJRTwsfGs="}},"d9cACnulZguM8r+IGcgy47+Qr8VqnSDi7GcYt50x3wY=":{"valueMac":{"type":"Buffer","data":"vbm5MbqyznrR8RgohvWqZZr964DFxxVBNAZEE/m+Chg="}},"gPfkWFVsSi+lnvEfdUTcvrswAS3a/8iCubxw4PicXo4=":{"valueMac":{"type":"Buffer","data":"Pf+TXgJIzFRWKg04mfBZZiHC5xen2eA6y9ShNI2CwTI="}},"gRk12x25m3DvZuJCIZyxnC4/4rtElzUqTOOvRvL1KcY=":{"valueMac":{"type":"Buffer","data":"ISbNPXRJL/P0qK+3ZfaQ1wpJSgc6aUrP8+xo9xItDKw="}},"gryZtD0HNLJKZDm7397blMIDtT3OA9DGTdkMk2EFSjM=":{"valueMac":{"type":"Buffer","data":"m+tbsWon0/SWMv61zAal08YhwuR+0i2qJYpXEUsMhJ8="}},"gtz3Sfnr8GcXrpMPsfR8P9Hpxdq5MujZoH0pWJFLpc4=":{"valueMac":{"type":"Buffer","data":"jJnWVKDKEFSvT70RHVsnO7PBDHy+FDuvcPG/SoMGGx4="}},"hAkMdu5pz/Rb3jZULPxf8IePFev8E72UgWPyGVqat2M=":{"valueMac":{"type":"Buffer","data":"PbtYj8DtYUh2og7gN396ZiBar5XK3psSueOSsUq9sgs="}},"hMrxhryHEhCNqB3p6QjP6SYpTFQl6QcR/nzHuI4dapA=":{"valueMac":{"type":"Buffer","data":"D5urxqqg01O3s0ZRACnVwc0Hr+6V508AMI+VQ9iTVUQ="}},"hSqm+iim+KidDOG2Sg8mX2tNMysavDeV/NwOTZzpI1I=":{"valueMac":{"type":"Buffer","data":"eotVgtG3qpRuwtqzs3+kbNNl4lqGgxSeB1VmUFFn14g="}},"heOfqAmi49aaToIg2E+Xs16SPgZ40VjzFHvo/kieN7A=":{"valueMac":{"type":"Buffer","data":"hWC/tDda7tV/Epax06b4qYpdVzLgQY0x7dXGF15pSc4="}},"hmQ49kMGOYgD/z41u87qfFkJHUSgt+mvkiTvffNEWaw=":{"valueMac":{"type":"Buffer","data":"L43bCrzBoyWSZO1AO9Ek60o5uLf2Fra0mev91PApNM8="}},"h+EStb0KX9oQZZTRselSDCnzsq0szAYFlJDTISJAAAk=":{"valueMac":{"type":"Buffer","data":"UEA3y59do48CFalGdWSzqWr8KTnKGzwVWQ0ffQm3h4A="}},"iF2la5gg/jsPPGEGh0kpbvHE8SVTHvnJzWLE4qKtqfA=":{"valueMac":{"type":"Buffer","data":"hEAjTeEVP4OwVw6UiVwyrpIAAqOLL9XR9pfEfHw2JW4="}},"isz6S9aP8/2ysHlQT3p0pquC+6rAnSFcFYFExTf5wVU=":{"valueMac":{"type":"Buffer","data":"+j5yYCv+evSCZDK/CwXEiRk9kIzjA4uPjuq0x2TGFvo="}},"i2E5Qphd1N8FL3nomYOKA+le72F4ip8kD7G33Ok86xQ=":{"valueMac":{"type":"Buffer","data":"UDkwPATXQ03v0hk+xFDt7yEnEWpFw9VpGDByJNqbD/Q="}},"i+OIxD6P1mXqXmgu82WQbghsH/KpCzrl6LMoyWUD3nY=":{"valueMac":{"type":"Buffer","data":"XuTvLi6h/uditusjoRba+vCsU6dAc2Uju/gtQTdy2EE="}},"jNrpEfF63DSEfEjnyU7GpYZ5IVVuYCn7DpALzr++7Bs=":{"valueMac":{"type":"Buffer","data":"//3V0gb6fcbaTUOtOzmX75RrxKcXI2YhPQsUockfoXw="}},"jYrGZbbrh4B9fLx1PEidmu7JgSuU18z6vlMS/yvPOKM=":{"valueMac":{"type":"Buffer","data":"xpQcKubv4VsgaihHAuMyWLfwCkT4wh5n3lGx2xJRaUQ="}},"jleVRzFfFDDVJCCa4O+3Vy70MKQHQvVfzFMiHJcPX4o=":{"valueMac":{"type":"Buffer","data":"b9RswcMTA1vPW23eJdTJ09oW/5d6INDtOOWjtJ/hWXM="}},"joaxFychEVs9VaJEccqF5qOdihXt8K9OwH4VHHGrMn8=":{"valueMac":{"type":"Buffer","data":"/g8k1b8jBLmxl+4Y9WI9ZV0c7ZvZqycVJVXzU6w3u24="}},"jrActXNVmfXpegYdO7XaRiBosWuOheauKzU/LCXaCfk=":{"valueMac":{"type":"Buffer","data":"yh/UF4vd7XRoN1MPVjXDEyjzwHUo8bvH0HYcheZneG8="}},"kIZLkVvMp05EMKrayolHDlJ1bhNEWt1mBJvtA2G4uRg=":{"valueMac":{"type":"Buffer","data":"9pl3KgsA6dP9zKYLS245kEH+/8T8vr2NpRt1DhV2S3U="}},"kJAIHuxVyLK0GciNFie0ZyOyM144f6QjmDT2GKZciRU=":{"valueMac":{"type":"Buffer","data":"/ChZ2EYhj8twAz+4NeM5Wq+QSeIdl0VcuvXbrFc8kcA="}},"kPFO3ZdughbQwzdf5h68T4JpYTdYWvAaW67bVuCLyD0=":{"valueMac":{"type":"Buffer","data":"Py1OjjV+mrAZGg5FuLgyPmjXttnE8ciCpNLeIeisSEk="}},"kXUOr34NJUuQOJYcfN3RASzGab++eW+PzLb6Z7dUp+E=":{"valueMac":{"type":"Buffer","data":"bFT9Qh5Ai/Kru7SzrITTnbRUYQjzONIEG5vxcMMrEXU="}},"ksJ1hbeFv96+7RKFou7N6Jkm4p7mLRLcOL1Zt9K7Z30=":{"valueMac":{"type":"Buffer","data":"8yua2qCuPxpyw01pW5WvjsSpjaPA3KjAw9eF4W8WuT0="}},"lG0UzTJgG38CC9a+zlrX1MqImj9Hpk1JWJxguExwa8U=":{"valueMac":{"type":"Buffer","data":"ypEdF107RWxxeSq/dskogRDjnvKD+NMkZ3c8KCqyfoo="}},"lujgbZ6wgXNok6A1+JL4MeSUi1dRU05UzIdEUzKCqAo=":{"valueMac":{"type":"Buffer","data":"cwnx9CnG2v2FlFS4V6XRsdGAVOWsuuBjCYTbnC9FCBw="}},"mBkh7O1JcUA877GsI6uhBhYZAbnp3TPI6esjyqiAtl8=":{"valueMac":{"type":"Buffer","data":"P0Mt36sOqnKWKstgzsVLzDz8UXj10koFDamPmSlC5Mk="}},"mSxEgm5zTYmBfbx7ElKUv/OMk8XJzFoTKExUVSgrTTA=":{"valueMac":{"type":"Buffer","data":"FwMpRdFqZiLYxdG0Am03gI01XGpBzIhOrTgoFnUou1k="}},"mZ5vclWStSw+ZWVI03kU5MprmAL8rm0wsgcrl4qReEM=":{"valueMac":{"type":"Buffer","data":"cZ9fVC8pToxBIL+Po+QDP4ee+lglxWH0YI0JHFx1NM8="}},"mpPfmNJGfzdEbPrUuRuFVYIj7c7PDg3/zUFjBzNVi/g=":{"valueMac":{"type":"Buffer","data":"DNy5d9/oXESc5WPyu0Po0vb6ENMupKrrh2ZxvoTwuEM="}},"mvrslAU4VuxBNnsj80vsbgCpN5MvdlvHKMwX/k+hxYo=":{"valueMac":{"type":"Buffer","data":"oiZzCJP+k9v6AreQmn1ro20gLUGmXO7UlWlGSGGW85k="}},"ntVo2Yznvyt/MWq28qLc7j1h1iZWiLQb6pCgoPyZ7ko=":{"valueMac":{"type":"Buffer","data":"l9PNfhilt7SOglmv8HA5ZFMShXHTHxsLN3M4On92188="}},"n0MOxBx9aMP1+k9e+o1gJZOEpiKX/StVaSS/MO/bxKk=":{"valueMac":{"type":"Buffer","data":"gRLfXZTojQgY8fIWj/CDwf3QEvy07z29ppvyWGqLGKc="}},"n41tQS6sZkahZyKKPzeLPBjhKC/nwJPngYjcXTFUcdU=":{"valueMac":{"type":"Buffer","data":"IipBlkRt6+6xKgM0JH7L/8CLPEWYruUp4JHHa9PviNA="}},"oDVHQnBn4cjXo2T8DAimvn9eU9NsLb8qKV9k6ASWhtI=":{"valueMac":{"type":"Buffer","data":"ccDBTHINPzu3HOWXtxLpI1mjkhD36KazdxqQCdfBtqk="}},"oKU5hvQms4ZDmlm1jmBoyZ66Qcjr8HeSbC9r1zijSKg=":{"valueMac":{"type":"Buffer","data":"r2zU5A/fk+UW+AxrmJWuYPS2imKUMPaUPmK6lKfm67g="}},"oXwuAczQpyqs+mTpJ3EVA8x99juOTfEUXMqVct5Ty8c=":{"valueMac":{"type":"Buffer","data":"2e3fqAU8kT+62J24fnEhRnall3VGn6Fy/0oeIaoQKE4="}},"ofpWSHQ9NxTDvvYCXooHRzoeN9rluS68CyJF/0dD1oY=":{"valueMac":{"type":"Buffer","data":"mFKZeGw3+wsLKc4IHpX4u22ddGtttVlkCSlPXpEHNq8="}},"org1oD97TV4Ia62xAR1bYabPkMo9n9m3QKWAmToPztg=":{"valueMac":{"type":"Buffer","data":"mIkc6LFMrIXd4itWAvZxYxz/j5QXkoBZvpoW2tusDP0="}},"pBFsV3iOhXY3cg6Mv3locNO848kaflZzABOilGQyDEo=":{"valueMac":{"type":"Buffer","data":"RUmO/30J6yrftqWY3XdyWPfOdWjIDlwu4lcmBIkGAU4="}},"pE8CnRj5izJ7GgFEnpW+iQdKfBxNgEFCZJBYmMGj02A=":{"valueMac":{"type":"Buffer","data":"kAVl5WXVV9V6kCeEu71RzfDoiP9WqfA037biBsv5Fyk="}},"pK+QIil1Kz64SROD31wngCuFmtw0O3tFXksvX6XEigY=":{"valueMac":{"type":"Buffer","data":"1QYF4xNEcTdeZvm47C42y/QR0J/UI/GJPcD362E2Osc="}},"pcOZdBUmJtvq0KD1lauUKGpIceDD2VsBK5YBI0UrD80=":{"valueMac":{"type":"Buffer","data":"7oeMivNDyiMShfUuxIH3AKdWXT14YVOEjwrkkJ+cDCA="}},"pg8XcpiYTnyBF81a4ZQ0D4iGH5sAzWpZ7jM5a7cQE4Q=":{"valueMac":{"type":"Buffer","data":"vAJgUzjx2RnA3eHFbsa3eLmfIc/NuExtdVkI72t1Ns8="}},"pm1QseDxNTn/gxbPdLYHESRsPL7jWQW9UzUHMRl+Fvo=":{"valueMac":{"type":"Buffer","data":"RX5KEkKRuIFlgGdj03Ja+PDfiM0YF/sDL4L0arBu82o="}},"pq1zCSJf8ClfbNgcJIUEQJQRV0FvBNMA7G06b6DHDQk=":{"valueMac":{"type":"Buffer","data":"czLliL4Da8a3BBjprbXAjca6AbPutVAR/P9K4GI7jmA="}},"pteok+oRdfZm3qD/rPb5Biuy7JZ+9Rjh8ITPAg8Wkys=":{"valueMac":{"type":"Buffer","data":"G5vuEtZXVgZq5+u5oE3jTd5esAnB1vgEAJKl3WDxnH4="}},"qbRbRVE0ATxGMpmLrQHHQeEIpK3CrWEuaCU8v6Lu2HQ=":{"valueMac":{"type":"Buffer","data":"5NdoOyeDoxLqEr3UuqUPZwBhnqv5E8Gi77KlvE9hbgw="}},"qpHADDt2xfk6PlI34X4LDDusd6t7yS+PjnZtwGrohgg=":{"valueMac":{"type":"Buffer","data":"LwtlM3nEjLit4z4Qbfw1AVQvSvuYk9STwVvbZutXs0E="}},"rH7sXrTEAJWfMXPmqRJAOfdQSkhvdDoudU4+nXfX6xc=":{"valueMac":{"type":"Buffer","data":"DgLSePED8IaQyB66QBMEKVdBLrXB1zV8djMmyenoYQQ="}},"rOElgj8lKe2zpGvd1GZsW06cmnueHjvBm5Sik5Tbmmg=":{"valueMac":{"type":"Buffer","data":"AQpcPRz9ev1RDq8XazMKj+MOTTBK/xwYCKzBvOm/K5U="}},"rsOFHYMEFCVPVBS/rCy0X+8HSGo4ipaTZ11r9MTycRQ=":{"valueMac":{"type":"Buffer","data":"Os8ynIDRKR06HrkzrFiOvTmITrISPED94zCIqAB9RKk="}},"rtkTsdEd9+5/ioz3BmcCyyaIn8K23dpinqs3wA3+Mxg=":{"valueMac":{"type":"Buffer","data":"gwv0nF6vNQVmN36tHE515A2HZW75bSttw95MttIlgn8="}},"sXu5vQPY/KJCAqLt5HCZgEHoS1oClHzBd8TJLlG8qyw=":{"valueMac":{"type":"Buffer","data":"cr+cGikdoMlyg8DSuR5g1DWXriAKCcdqsVyN2uU4rag="}},"sc49p+tCWWXs/ZHb36TM9N+2+AOtspGhA2Bpve21+ho=":{"valueMac":{"type":"Buffer","data":"DtXbmPb0U0ZCkml22rmV4i6WJZtrBe7OjF+8DtnkSNw="}},"sf1A5E0YPN1WOJNIkp4dFhda5cCNMc/WBuNI3zb7ag0=":{"valueMac":{"type":"Buffer","data":"JbVR5MWnlmZaMU5Lt6lA0RM8Kkvm8zEPewLoGR7aRIE="}},"sl3/hUJy7A3bF1TO+qnINiJD9YKCN5aF7pa7/vDG/KE=":{"valueMac":{"type":"Buffer","data":"0RxLpF0WXag0O/y/YE8zgpIai560fdYYKAkJc3IdhAI="}},"su4Y+kWz8ZR19XJ/zneb+cHIchhUfzUhuTPi5BLlDc0=":{"valueMac":{"type":"Buffer","data":"aDTwEqHBf5JrY6Dmh4nouEBNsLmGn5h6fovV4+S3/wo="}},"sv9f1oNBUuTvfSXWVKHFetGwhkWJVRopdMcL0HwIOvQ=":{"valueMac":{"type":"Buffer","data":"D1V69v56Wj5TWbF11uSYU9Ec/WucA1/BNL/kQ5kDLok="}},"s5L6q8bMmDKWc3Ddl7v0kK2QKCzYuPxXtN7GM1ya/AQ=":{"valueMac":{"type":"Buffer","data":"PVaOVT2SHG7pt3/L3fSE9EtVkyWRMV/jwOEeOFhdTdQ="}},"tFA5Ix+DYwt9DLDfIJJX1akTwQhjATRDOnDkvrsSTAU=":{"valueMac":{"type":"Buffer","data":"t4QPe9RdDUlV/ggx/dYAg/GLvD9wxb8mlcPz4R9IpLg="}},"t5VQ8ItsucseSBYTfm8bbh2atK6FHzLcRVxc01xcCNE=":{"valueMac":{"type":"Buffer","data":"bs0ibDksLwVVFb5wrGqmAv8OOjWkq33XpJEuZxmK5Ss="}},"uMfb9d7G7eEyKMRUYz3/n5VK5RUkwwBOSbc0MPQqmkQ=":{"valueMac":{"type":"Buffer","data":"fhzQfj9TZMk0anXG1eGoZIIuoYBAzN4HEkp6isygVoQ="}},"uYRJn5MOtsrskmxNyoQiVC6uh6JcS9uW93xx9Ip2tXc=":{"valueMac":{"type":"Buffer","data":"u7gPB2GrqJ+3cU1l96UochIT7QKm/y9bn7yKMe3w8Vs="}},"ulZJYKG1Zt5/mTFVVjwDK3eZ0eQG/Kk7aBhSUeVmc6M=":{"valueMac":{"type":"Buffer","data":"gXlZSaFUZyom1Qkt2/lfsGzmxKbghQCAxCf8BhPVm3w="}},"uwE1om4EcS8ukqpIZm+qyk19BBGdacvOpn//LnPsYhc=":{"valueMac":{"type":"Buffer","data":"pEsm0ghjoQ9W29y9dm7Akmdp7MxXBC9d5LrcvLgYadg="}},"vaVkbd03DHPv2WzbQrGbUCM6EYyLrQDMrBWCg4XEieo=":{"valueMac":{"type":"Buffer","data":"CjiCBk4L7r3ddpD7gdVNwHA6n2z0OTuGfKI7ZCUJsHc="}},"vj22lfDhQHl1ts4XrVWETtDr8yLXhGSpuCN4ggRPRdA=":{"valueMac":{"type":"Buffer","data":"IC2ciciiWP8sOgOwXjRAVaxGEvRdCZ0zLa2Y64VmT+w="}},"wV4vABlR5h8mmdAf1tiZI4tdwFgHKUF22wEkT6LUEP0=":{"valueMac":{"type":"Buffer","data":"vuRIg6dhWLB6ihrIjBRqQAYEFL68wCgc73foYmgYk1M="}},"wgAtSq+dSIKCwjyv0BF5AriF0RxOX3WNgkJT0j5hNas=":{"valueMac":{"type":"Buffer","data":"IIEPXKFIM8n0khFroe3bctR/3dU3cqYXz4nP1UeeoyI="}},"wgFpHyr/WxtRaiMvvqOzFoOiGelTUUFD7FShYMkeDYM=":{"valueMac":{"type":"Buffer","data":"Uc1IDok+RtqnmEAiwhCMb6kuWeoVmukUmvAcoTS8+AE="}},"wjq7P6kARjj/KKVtFitW5I0KD9cg4hpmSXuqYXHAvoI=":{"valueMac":{"type":"Buffer","data":"g5+22SlrQuB1ewYk5cX0irzOYvZNLNgrO+Qy87X/l70="}},"wmnEe01f6Ro0JfTbYHRpHXsn+HY0Esa6I9NhvTDyJ0A=":{"valueMac":{"type":"Buffer","data":"lDSuUANMKmMriTMEEXiKm8X19LLr6RZ2yEQp0rNFgJs="}},"wsiXfVwZ48xzgTZAZqCxxJLB/m91WEBjBWRo5gzYt8s=":{"valueMac":{"type":"Buffer","data":"TKEM65oZIckNeUXP6X8W8KJiCUuij6epo5DRvshcjeA="}},"xHm7doEgE6AYGla/BKYroU2sRzNvyXIOidODV/L8F4I=":{"valueMac":{"type":"Buffer","data":"rvQ7997Wk1OH7IUQeFIWRiCBOpVkKnPXll4WUjj9j0Q="}},"xRoHALphJ494Xfo4TS4wZXdVYg+BRVvLrdr5zWUR474=":{"valueMac":{"type":"Buffer","data":"CPTH+btslNbpnId4p9Juqp7CDWhAceoe636Ykgy111g="}},"xVagXgIX8XoEr5FcWXZoi7EQBZ9UMV7i0qynSQwOUWE=":{"valueMac":{"type":"Buffer","data":"qxUQYJmgxKRPH+rR+jNRNe6LnNHUtVB192jkISPAUZU="}},"xhtfjKekn8Id+p8yzHP5EBBM4MYANnSjH9W/p/1bYRs=":{"valueMac":{"type":"Buffer","data":"9HpFZ4VlqWv6QzieCDaxCaf002VCZW7gdS+ne7JzNZs="}},"xqrthXuKlSpV+A8poItZKp/dMd6WXHvu5Vr8mS9vBhM=":{"valueMac":{"type":"Buffer","data":"56ggXpziuJNO0sBlHP92iR5lyd6o3aiw4OF3GeSH1H0="}},"xsBVufOpNojugv6z3h/lBoIFAS5bPL5NHMozhixkV6o=":{"valueMac":{"type":"Buffer","data":"3ax9g8TNEIVBew44H6k1DGNcUXm1YWFVFlWTXYDxjgE="}},"xtcFoELxnNXVF0r8X5uk94za1Cmsh8p+R1yqB9xz5og=":{"valueMac":{"type":"Buffer","data":"0B99ggdKsb4gBtEOC9sWodLo5xLo91FcWYrMviatjoY="}},"xuUKq4DJE3lDGVnnAYgZY/9i7bIg5qRRWgPVCL2T2CA=":{"valueMac":{"type":"Buffer","data":"3TPwVHQsSFSZfA5NfClNd3riJ3n9sK4rs9XLCWU6qYE="}},"xzqHfvpnIlA9Tyom0mjW4spU1Oe7lcN0F9VDF3awPfo=":{"valueMac":{"type":"Buffer","data":"GTyrtuCLGLFOUzVWQ3HB6VpzzZ8+q7UJVEesuksH+FY="}},"zBSxxRU+6zsI5WjInPVTPpThv3BEvDz9A6NXChlaig0=":{"valueMac":{"type":"Buffer","data":"lJZPOObED8AZjkySyvhTLimmwX2+9dlHPLmo5c5IB/w="}},"zD4RxBM4MAhlgszAFCC/xl0ajhFbf9sPuO5h2a3ZTy0=":{"valueMac":{"type":"Buffer","data":"P1gM3pW7P1t1lPQJs1wTDVxm1TZ1tvd5T02XxLkw48s="}},"zZwYk3f25YfADheVb+DSkmWt7stCS97gkOSepayAHmU=":{"valueMac":{"type":"Buffer","data":"wAcEp3YwC1uz/y7Vg3cT+OPLMXVMaMlyoBTdJ2p/VAQ="}},"zpw2FoVI6dSXPeej+M/JTLuStwOlVm/q/WStRJBLxhM=":{"valueMac":{"type":"Buffer","data":"KkoqPhqpT68IugmgftOYgwFlFpLuxWgVnW/5RsrXeLs="}},"zyLYMbKWpMNINL1adoNwfzeVAFg9d9FuFyNnFQ4NaBY=":{"valueMac":{"type":"Buffer","data":"TYi+RC1MOcs5bvtWdMebevMR5NZAYI008xhsrQKoMQo="}},"0P812u8wxIOQok8MTG4Tehe4WWgmbWZ3XdYydWZ3C1k=":{"valueMac":{"type":"Buffer","data":"T/qXnAO9O6owP5MpZsJFqDfmSPx8TXy4hBO78BbOukA="}},"0xhjh0Q//9ISWUJAA6LbLYNo/YU3m6EfYbr/2vjSCOs=":{"valueMac":{"type":"Buffer","data":"X9FOk3ANrmY/O4nPX8KdmXyvEnQed9HFP0etkycA5fw="}},"08Y91drAAkqeWS/rlzBjTH7YoL4qnSj2Afc2YYi3CM8=":{"valueMac":{"type":"Buffer","data":"k+lI1eymV4yO80GazcIg3sF2v2lHE4lN7TVOtX13Egk="}},"1rL841QRZdM55KCp2DtdrvzxlxbU8liJaDfHbDPc3EM=":{"valueMac":{"type":"Buffer","data":"rCUXtBo3ejPLhu3E4FeniMvc04CKO+XNYkCc6qzfuKY="}},"2GYE8QlzJZS+S3Dlk+NCqm7Im0XiOUSc4330m5noaVs=":{"valueMac":{"type":"Buffer","data":"raclBmPPd3cVTLzjkhnMhosvs75EcklnzXfYIL5Kjlg="}},"24ZqojwyY6pEX7kjSNJMTJl9s7TeXNhpnCw/fyuTnSM=":{"valueMac":{"type":"Buffer","data":"RIrrKjCb///T8FkCkvzWq4gq33fITmi+GRKM7HYOg8o="}},"3Jk9mBqo0Q2UfcT176x3Bl79DU1KMoIBVlk1FJxR7DY=":{"valueMac":{"type":"Buffer","data":"4JK1rC2y3xKUJLKSc+0HRi5on/5MEg8vcS5gyT+L6A4="}},"3Mu749vwvjaTm1cle1NJ59xegZYjhVffFbwWsKOk2nI=":{"valueMac":{"type":"Buffer","data":"4pzD9xWHwwk8VhAgSzntsuT111VLkIPHCwr26LqGoR4="}},"3SLP03zF80pRMtP3Abs94X/pmMQK0Xc5NPFW/wEHCGE=":{"valueMac":{"type":"Buffer","data":"CGM4VquX920wCLLdb6ZibLBZloXti78MJGUE4Q4e/u4="}},"3j5iIEaxuvCpzFNzzins1+rPJi5/GoaT0zB5EUSnD/I=":{"valueMac":{"type":"Buffer","data":"49A5uvMtHj+z3LyS8tR8SoSIFBa7+T5u+YDae5emiHs="}},"3sSEEvg4Xk5/Yt11o8szUpPKLaVN2v5dBOh6/UUwPsQ=":{"valueMac":{"type":"Buffer","data":"KBESEHGWh/jd2+WmympcoWjTPXqNAoNcJvIC9H/MXks="}},"34eLqwZRo2pqjh0qAZe8/CeM70YwF6KGmOFhEhRLvAo=":{"valueMac":{"type":"Buffer","data":"7ArPqNj2d4FddILiL4XFULxxPaTToYJVqIUBLKqRqqA="}},"4GmnXcDWodef+iY2N1U/QKARJnlVMKEiwbYMf8AMpcU=":{"valueMac":{"type":"Buffer","data":"I2sasIkpE4wnq4TUnMfuPhQnUkfPchMXXLpAwFzPqjo="}},"4Jb9FCHbndnpHSLLX7pS6V7Hs3ZwD/qc7Q1+Nwf90QU=":{"valueMac":{"type":"Buffer","data":"7cM/otYSTsXlkePwke8PLJ8ZydupsNknoEifpad/RR8="}},"43wNu6tSri5yn4IhcsEkDVxTAPI+Okdfzqf733l75aU=":{"valueMac":{"type":"Buffer","data":"/LdGsiPt7tL1AgNfgWHQp5BNCe/CSBgaxkB8L15Y+Pg="}},"5NGrhxZkUCEdGsCLiEhstbklXb8XgvQbpPb5JMjNK/k=":{"valueMac":{"type":"Buffer","data":"B2bH7mKuY5fCWdt3WyG9AR0j20X6KytHITS6o1+e/To="}},"5VVwvPOL88OPa5QB19oU5YywxmTYEF2yV6S0WWMcwo0=":{"valueMac":{"type":"Buffer","data":"p8BYVYK/WJm5ePao7W8SXmMz+YfQyrhGx6io+TrIf+s="}},"6JkKh5+pL6zWz5LYYheVX5vdxtDVEKDLOIvqYHnXTLw=":{"valueMac":{"type":"Buffer","data":"oU+PBRsbD1N8V6NNnYzZpX+Gn1TKTmVqFq8+Ib8IiQ4="}},"6N/371MKCrAHeZWW5h0cveIiCVnSuI/FscPz2DXChCs=":{"valueMac":{"type":"Buffer","data":"Oi/mpdB/tavqrNf15nYHAEpr7o8YCq+YqrqVCuYWitE="}},"6Qt89xM4AkSSH50QPwJQqJRoLPTUul+416tNywSup/4=":{"valueMac":{"type":"Buffer","data":"CM4cZWY8NZZurrfWTgQzA9q5SkSQHjWh7gZk2xu0MBY="}},"6iQO2Vs17v/NgqIhCNx8JkeCDOgOGxgWXHwI9dpai/c=":{"valueMac":{"type":"Buffer","data":"ZMa2Sw0agGeMdhbqfYoA/HuXfn/7S8+KPUlOHgdhyxI="}},"7HhwJe/qGppKQJDp24hjhliQu1/Twqw4rqVb5dC9E+k=":{"valueMac":{"type":"Buffer","data":"Sd/pe9xaC89Si69gxzADxvCKrEiTkI5uk1tLPjp0sY4="}},"7bypN2LEQbYt+L2fOk1jLoVgdNn+gbcnCmniuxjOPcw=":{"valueMac":{"type":"Buffer","data":"ED7s8N2/lywMVx6JMI4PIHfOeosjwpoSrM0vGkzy/xQ="}},"7wmF7cd32ymAdAnZ2Q7CcD6ypEIdhRISC8+elIoU7hs=":{"valueMac":{"type":"Buffer","data":"FFVSpvH6UOBpicCvbBL0s1Nik1X4NKvz01MyhBiu1To="}},"74O1pG6YuS5O6Oo4H9XZGqZkxk6K9Tk1sP02IG3DY4g=":{"valueMac":{"type":"Buffer","data":"6nnFYyNdXz3eFH6Cg3gmvQiawj+ORJKJD96vELjKY2s="}},"8B27Pvrbd2QcNLB8ErnBYjolu7/bNVQV2hLv/4Orpwc=":{"valueMac":{"type":"Buffer","data":"iGYPV4SWzb6F8lHsJm7fy0s+5zSYeyiwPUMTZbHE/Eg="}},"8Xr5aNGPNpGvru6P7IyCoiZkdXoIa1LQyWC1xezSq0Y=":{"valueMac":{"type":"Buffer","data":"X6I+eXU6F+nn2iAwD6PwC0TtMNeH0BitFru+yLTmzac="}},"8kUZzxy5HEE1mzBFk0ysQ1LmlunWdO2xm1g7+Vfl6C4=":{"valueMac":{"type":"Buffer","data":"weAT4Q/GM5mkVE+jFmeQe42JX91mggcgYd7M40TW5WQ="}},"8mlXVeW1OhTG64dJ0kILN0dCMZG4p5L7qeMsaDPrAIs=":{"valueMac":{"type":"Buffer","data":"+hEP7MPVXA7X3BK5HXFfjgtiAe5EHtC8DWtTW0E82GM="}},"9cWj/orAoQQmyicwXRopIs7j/Yp3Tt/tVyNWNsFVknc=":{"valueMac":{"type":"Buffer","data":"h87lfXDB6HWfVTBWm9N0uEyCFOXIFCD174AzUlJVLmY="}},"9pyXsNKihOuTIqdzLjSfeqfWGEY/6SuhAfg8LXrVniY=":{"valueMac":{"type":"Buffer","data":"SZWwEfINc7htt+utiZYIify0SzfbwMbUar7UUeu3rbU="}},"+YyjzezELIzEWDfLhOfN4f/R5G7azLMVzCgID/F7RbY=":{"valueMac":{"type":"Buffer","data":"YqGsMkQ+DEjTLqM9gIXlZUKerITlmnm+gMh81KiuXV0="}},"/jSTBFAkpVh7x4Ac3SKIAgjL2B18S0OMDKELqewQ50o=":{"valueMac":{"type":"Buffer","data":"ab7F5TAG+Fr/lU81XCbZAfK3fWaCiBhoWGntFPZrS78="}},"/tzHltqXiTPo/HTGWEzHI/58OE9msz0Q/eGELLoU7H4=":{"valueMac":{"type":"Buffer","data":"cmeMhZ23vAl195/O47RygG4RHkwll4eQNUxoZiqF+fI="}},"/uw6uZNZjnD9gFwlyHW+YxINnzkhii7OVUCjTvRWZiA=":{"valueMac":{"type":"Buffer","data":"KnRF8KbKBnvxEGvNPVqWHWnx2J4kqWTM3UAwN07LaFI="}},"/871P5OaEnwGQwbhc45d0q73momrkcl/Jch/n8hHBMA=":{"valueMac":{"type":"Buffer","data":"xO6DeS8saFoB7wIPjurww8+PJcNoupF2j777dO0Tvz8="}},"Mn67ZFqMGQY7370beyK72t9+OiUbPdmx501WzdUXEgQ=":{"valueMac":{"type":"Buffer","data":"dALSTZymf/13ecfms/jxp2omFkJoFAJkBF7rqXjuqTs="}},"uEZXTS10OmrVd6SfdbgVik5HzbNMMzP/NbecEon7Zi4=":{"valueMac":{"type":"Buffer","data":"bUKD8tj5Sd2tU1PSueNEo+JBzG9enngtLR+XXtNk9ig="}},"5QSAhUJhmt9y7yltc1CVAzOFMdUMB4Bl0FkobK+AOsk=":{"valueMac":{"type":"Buffer","data":"KJR+Br88QtkvbXtJ/ulQrKKQBPWKRe2PBt6ECOxke1M="}},"8ABROp6Ss44wMycduvux8i+OJYm/6r7oUAgC2hQZeQc=":{"valueMac":{"type":"Buffer","data":"bPmq0RCzUpYFQP9vxuNs+NRtoHtsOnVlj4Mm+jrJmlI="}},"nHhahTLoybxuuHXjR4quh4BRD7ryh9Jl+CxAYqEJMeI=":{"valueMac":{"type":"Buffer","data":"42cmZ14EWgniUmMiIiRSDqVRRLxlcqKhWvyFDUhprxw="}},"nKmUbcpGOwRmvnnVQIygjjk0z3ff4CUwJ6QJsD6/eTE=":{"valueMac":{"type":"Buffer","data":"IcGNtmZAMi2HaapW4YR/2c1vnSqjy6HeLDwIWqBPUFA="}}}}