{"noiseKey":{"private":{"type":"Buffer","data":"kHKmIWfUk+mNXEDRxgzujmQbt/2RTo25pkHBQ0zn7XE="},"public":{"type":"Buffer","data":"3CBbqZOJmhjJ+H3CuAmjOpncPFVJmlNmJ7lSYSFftzg="}},"pairingEphemeralKeyPair":{"private":{"type":"Buffer","data":"GGKiDP2uwz2oFAbwx9QJW9FBH7yvR+Xef6pvKsnMs3A="},"public":{"type":"Buffer","data":"/YNI1ex8exKFC4dc0qMugoLETZjYK/9ClGilxu7FPmM="}},"signedIdentityKey":{"private":{"type":"Buffer","data":"QEAoaW0ON3/qTPf1Jn6ReY/G6JSWU40wnwabDY6fr00="},"public":{"type":"Buffer","data":"K1XkjwBnb+XzxTz7I1Q3ECO9GecTP4FSWc8Y5mSYcXQ="}},"signedPreKey":{"keyPair":{"private":{"type":"Buffer","data":"+PqZYguBBeab9NjbBpdA0GoxU9WeC/iQkfgroy1X+F4="},"public":{"type":"Buffer","data":"8z94eKBycq5qwM988yjJFOwohZyibqcoK7B4jrLpKy8="}},"signature":{"type":"Buffer","data":"y0NyDuO17Y+Pn4nPo0iDX4lvLgwbFrX+Ty9KAHsZ8hWPutayGXgIdYXtMl2lX3qhkDJ79XjNqrpMhBPGs9YnhA=="},"keyId":1},"registrationId":14,"advSecretKey":"aeZoG9T2K03h0nf+Kg/VE6JQvVAdTvXSZZmSxsAGNSo=","processedHistoryMessages":[{"key":{"remoteJid":"553399725952@s.whatsapp.net","fromMe":true,"id":"A5EB9918B704479DE8EFCF5F0AF8CA09"},"messageTimestamp":1765282229},{"key":{"remoteJid":"553399725952@s.whatsapp.net","fromMe":true,"id":"A5B96C57077E1270279E97D6360190FA"},"messageTimestamp":1765282237},{"key":{"remoteJid":"553399725952@s.whatsapp.net","fromMe":true,"id":"A5FEB1F0D20224004DEDD759F4340EFF"},"messageTimestamp":1765282317},{"key":{"remoteJid":"553399725952@s.whatsapp.net","fromMe":true,"id":"A5F80B9335402FB56D5FA6BE68460100"},"messageTimestamp":1765282364},{"key":{"remoteJid":"553399725952@s.whatsapp.net","fromMe":true,"id":"A557E105B5B1BEEF534DE0573E1B8596"},"messageTimestamp":1765282385},{"key":{"remoteJid":"553399725952@s.whatsapp.net","fromMe":true,"id":"A52F0F81C6EE715ABD4B16628EF439F8"},"messageTimestamp":1765282415},{"key":{"remoteJid":"553399725952@s.whatsapp.net","fromMe":true,"id":"A5B94D364C4297F652321C1A03D0FA8C"},"messageTimestamp":1765282435},{"key":{"remoteJid":"553399725952@s.whatsapp.net","fromMe":true,"id":"A57666B8C4DDC6DA558CA8A3C1956CB6"},"messageTimestamp":1765282468},{"key":{"remoteJid":"553399725952@s.whatsapp.net","fromMe":true,"id":"A5D0BB29AED4EEA5A39BE82C37EF02E0"},"messageTimestamp":1765282482}],"nextPreKeyId":31,"firstUnuploadedPreKeyId":31,"accountSyncCounter":1,"accountSettings":{"unarchiveChats":false},"registered":false,"account":{"details":"COLxrNUDEJ+j4MkGGEkgASgA","accountSignatureKey":"uQh22U1nnrZ9won7uhDQln/vcOzy2vUXNxJg0JoE4WM=","accountSignature":"pJaMU3BPXz1lhiSHTzlqHikoWvO+CRDCCGZ/1zDfDlh2m0HOQfzFxmN8tMkHJarqpxs/TBJtNEzGN+PLUR4CDQ==","deviceSignature":"7z6B1ygEEx6LDmu4gR5h78qxgn/BQwFAxhRWvpNb0L9kB2ySyHh3Ul3wWy8bAYlyp5Ro5fNanNGyt6e8dBuYiw=="},"me":{"id":"553399725952:61@s.whatsapp.net","name":"Polo Uninter Caratinga","lid":"76076856438904:61@lid"},"signalIdentities":[{"identifier":{"name":"553399725952:61@s.whatsapp.net","deviceId":0},"identifierKey":{"type":"Buffer","data":"BbkIdtlNZ562fcKJ+7oQ0JZ/73Ds8tr1FzcSYNCaBOFj"}}],"platform":"smba","routingInfo":{"type":"Buffer","data":"CBIIAggI"},"lastAccountSyncTimestamp":1765282211,"lastPropHash":"4OOe1t","myAppStateKeyId":"AAAAAL5W"}