{"_sessions":{"Ba8SNXexNHeZCpqD/l098gGtTgdvRJ0zzO3T/Zg9RKYn":{"registrationId":793770014,"currentRatchet":{"ephemeralKeyPair":{"pubKey":"BZBT/AS7BbPAUQ3hVBrKcm4OPeVuG0JGhi5N+jlQmWUz","privKey":"6GIL9u1DzhnSPIi8eIExWraww/LNchuoT/SG36+HTEY="},"lastRemoteEphemeralKey":"BZ0nIgnNz0yl+f30d+0QmX+8ixA7xSGRfFUBMhcZRQ9m","previousCounter":0,"rootKey":"5d3SY3NasVdxEsHYG0aMbb/4GoFHvHyu5XS9f1RGBQ4="},"indexInfo":{"baseKey":"Ba8SNXexNHeZCpqD/l098gGtTgdvRJ0zzO3T/Zg9RKYn","baseKeyType":2,"closed":-1,"used":1765282613407,"created":1765282214036,"remoteIdentityKey":"BbkIdtlNZ562fcKJ+7oQ0JZ/73Ds8tr1FzcSYNCaBOFj"},"_chains":{"BVyxeqxIBQ9bVUiUdYgidpHzQbmkzOOJuBww++dBOppN":{"chainKey":{"counter":6},"chainType":2,"messageKeys":{}},"BXh4RmohxEAZs9VLVf1kEDKeZsBGzhH+93bjK+Pxam9i":{"chainKey":{"counter":0},"chainType":2,"messageKeys":{}},"BW7SswBEp7FmPTbmStYYA/1aW4K1asxTQiYTxGxhUH8j":{"chainKey":{"counter":2},"chainType":2,"messageKeys":{}},"BTQKOCbMW1yVhgEkVBAAbvyfq7pCObjUtO89upsJYPkl":{"chainKey":{"counter":0},"chainType":2,"messageKeys":{}},"BSb6iPfTTR7Ih2C2LLwesHz2lWAgv4YP2tC0WP07zcw5":{"chainKey":{"counter":1},"chainType":2,"messageKeys":{}},"BeG33nmo0w52BhLMMAI+Qs3kccM4OeJ548KResvgM495":{"chainKey":{"counter":1},"chainType":2,"messageKeys":{}},"BfXmMQrHYMxEMAASwjfRiJ97pIZaaM4u9nUv9S/NHugc":{"chainKey":{"counter":1},"chainType":2,"messageKeys":{}},"BXnYRfVE+avKraO1Kz/9KRVZQVMKbucxXm9ExXlTh4gA":{"chainKey":{"counter":0},"chainType":2,"messageKeys":{}},"BfzqKdq3n/Olp8U/HMwfQHmTac/hRO+yvkEgb3+hnr57":{"chainKey":{"counter":2},"chainType":2,"messageKeys":{}},"BWdIE+Oa3LSAKj8G/aMGqdBzLnk+MSe4Z6NPUiFzXUQi":{"chainKey":{"counter":4},"chainType":2,"messageKeys":{}},"BbL+gVP1DMGIkyeS0vEz2feWhtiOXWZsAOd/HfDTWZIy":{"chainKey":{"counter":0},"chainType":2,"messageKeys":{}},"BZ0nIgnNz0yl+f30d+0QmX+8ixA7xSGRfFUBMhcZRQ9m":{"chainKey":{"counter":0,"key":"DNEMmZCZkAy5fl3LuKXMqONPsUsacCr2rXNTuUzRe/Q="},"chainType":2,"messageKeys":{}},"BZBT/AS7BbPAUQ3hVBrKcm4OPeVuG0JGhi5N+jlQmWUz":{"chainKey":{"counter":-1,"key":"SwCWSHRkit08INHj7R7YJEiCPCQYbMrmkCks8yUM9ik="},"chainType":1,"messageKeys":{}}}}},"version":"v1"}