{"_sessions":{"BSnq28JXyv9t1eDdUclvHVlROArB6ncCQc1mPQlOAXIW":{"registrationId":172,"currentRatchet":{"ephemeralKeyPair":{"pubKey":"BczwVW57pV22k394IDy560+69+yXsXRP0LSVpa/EXPpb","privKey":"qAk2EQ4Jf2AObCtZScOBeYig8xvg1A7M5lA5fSuTLFE="},"lastRemoteEphemeralKey":"BZtVFoQv7l4vT9v0u9WZhF3Lsvm4Xof4fpfee3LPVkMw","previousCounter":0,"rootKey":"m+iXbRv98p7IlUrLF1GbM6bLed4ik+fyRBAiz+Xq8go="},"indexInfo":{"baseKey":"BSnq28JXyv9t1eDdUclvHVlROArB6ncCQc1mPQlOAXIW","baseKeyType":2,"closed":-1,"used":1765282536644,"created":1765282536644,"remoteIdentityKey":"BRK6KaR9u7uxaf8Z/yilxbsRkDeumdnqNGP3si0XX1ZQ"},"_chains":{"BZtVFoQv7l4vT9v0u9WZhF3Lsvm4Xof4fpfee3LPVkMw":{"chainKey":{"counter":0,"key":"xtDRYUyhUwFtoggiRPVM7Sv2Y32kQqE1ghspgMKZ1tc="},"chainType":2,"messageKeys":{}},"BczwVW57pV22k394IDy560+69+yXsXRP0LSVpa/EXPpb":{"chainKey":{"counter":-1,"key":"oh1+sny9EGYBg30jCH7kq1wIPC5T2xYmL5fFOBWH/sU="},"chainType":1,"messageKeys":{}}}}},"version":"v1"}